Dataset,Modelo,Explicador,Node,Mean Fidelity,Std Fidelity,Min Fidelity,Max Fidelity
DBLP,HAN,IntegratedGradients,278.0,-1.5834967295328777e-05,2.0201451465178344e-05,-4.4345855712890625e-05,0.0
DBLP,HAN,IntegratedGradients,3644.0,0.0010694464047749837,0.0009699982809645493,0.0,0.002348184585571289
DBLP,HAN,IntegratedGradients,2798.0,1.8497308095296223e-05,1.3091540562853423e-05,0.0,2.8431415557861328e-05
DBLP,HAN,IntegratedGradients,1326.0,0.0008265376091003418,0.0009363239306921288,1.1920928955078125e-07,0.002135753631591797
DBLP,HAN,IntegratedGradients,1489.0,1.1702378590901693e-05,1.5057878782369988e-05,0.0,3.2961368560791016e-05
DBLP,HAN,IntegratedGradients,2171.0,0.0006004770596822103,0.0006311527032252921,2.384185791015625e-07,0.0014727115631103516
DBLP,HAN,IntegratedGradients,1229.0,-2.8073787689208984e-05,5.042700900619517e-05,-9.888410568237305e-05,1.4662742614746094e-05
DBLP,HAN,IntegratedGradients,3237.0,2.380212148030599e-05,1.686466233762128e-05,0.0,3.701448440551758e-05
DBLP,HAN,IntegratedGradients,3342.0,-3.9736429850260414e-08,5.6195798014525375e-08,-1.1920928955078125e-07,0.0
DBLP,HAN,IntegratedGradients,323.0,-4.410743713378906e-06,8.388105278950127e-06,-1.615285873413086e-05,2.9206275939941406e-06
DBLP,HAN,IntegratedGradients,1750.0,-2.785523732503255e-05,3.689334387921163e-05,-7.998943328857422e-05,0.0
DBLP,HAN,IntegratedGradients,2483.0,0.0,0.0,0.0,0.0
DBLP,HAN,IntegratedGradients,908.0,-4.756450653076172e-05,4.584014422586998e-05,-0.00010949373245239258,0.0
DBLP,HAN,IntegratedGradients,4043.0,0.0,0.0,0.0,0.0
DBLP,HAN,IntegratedGradients,2019.0,0.0,0.0,0.0,0.0
DBLP,HAN,IntegratedGradients,3020.0,-0.00010269880294799805,7.28633241297536e-05,-0.00016134977340698242,0.0
DBLP,HAN,IntegratedGradients,3124.0,0.00025127331415812176,0.00019573896923862888,0.0,0.0004774928092956543
DBLP,HAN,IntegratedGradients,202.0,6.556510925292969e-07,8.443406963696392e-07,0.0,1.8477439880371094e-06
DBLP,HAN,IntegratedGradients,1696.0,-4.7485033671061196e-05,0.00011784095373571814,-0.00020956993103027344,6.711483001708984e-05
DBLP,HAN,IntegratedGradients,3928.0,0.0,0.0,0.0,0.0
DBLP,HAN,Saliency,278.0,0.0,0.0,0.0,0.0
DBLP,HAN,Saliency,3644.0,0.0001948078473409017,0.0002754998997662106,0.0,0.0005844235420227051
DBLP,HAN,Saliency,2798.0,7.867813110351562e-06,7.554051039600781e-06,0.0,1.806020736694336e-05
DBLP,HAN,Saliency,1326.0,0.000595251719156901,0.0006888478519531081,1.1920928955078125e-07,0.0015607476234436035
DBLP,HAN,Saliency,1489.0,6.556510925292969e-06,8.200929119037632e-06,0.0,1.811981201171875e-05
DBLP,HAN,Saliency,2171.0,0.00023734569549560547,0.00033565750154076004,0.0,0.0007120370864868164
DBLP,HAN,Saliency,1229.0,-1.0251998901367188e-05,1.4498515887747547e-05,-3.075599670410156e-05,0.0
DBLP,HAN,Saliency,3237.0,5.205472310384114e-06,7.361649539902825e-06,0.0,1.5616416931152344e-05
DBLP,HAN,Saliency,3342.0,-7.947285970052083e-08,1.1239159602905075e-07,-2.384185791015625e-07,0.0
DBLP,HAN,Saliency,323.0,0.0,0.0,0.0,0.0
DBLP,HAN,Saliency,1750.0,-2.100070317586263e-05,2.5048816016512623e-05,-5.620718002319336e-05,0.0
DBLP,HAN,Saliency,2483.0,0.0,0.0,0.0,0.0
DBLP,HAN,Saliency,908.0,-2.886851628621419e-05,4.082624725755269e-05,-8.660554885864258e-05,0.0
DBLP,HAN,Saliency,4043.0,0.0,0.0,0.0,0.0
DBLP,HAN,Saliency,2019.0,0.0,0.0,0.0,0.0
DBLP,HAN,Saliency,3020.0,0.0,0.0,0.0,0.0
DBLP,HAN,Saliency,3124.0,3.3239523569742836e-05,4.700778503915048e-05,0.0,9.971857070922852e-05
DBLP,HAN,Saliency,202.0,3.3775965372721356e-07,4.776642831234657e-07,0.0,1.0132789611816406e-06
DBLP,HAN,Saliency,1696.0,-7.88569450378418e-05,0.00011152056115982561,-0.0002365708351135254,0.0
DBLP,HAN,Saliency,3928.0,0.0,0.0,0.0,0.0
DBLP,HAN,AttentionFeatures,278.0,0.0,0.0,0.0,0.0
DBLP,HAN,AttentionFeatures,3644.0,0.0,0.0,0.0,0.0
DBLP,HAN,AttentionFeatures,2798.0,0.0,0.0,0.0,0.0
DBLP,HAN,AttentionFeatures,1326.0,-4.144509633382162e-05,5.861221732914996e-05,-0.00012433528900146484,0.0
DBLP,HAN,AttentionFeatures,1489.0,6.357828776041666e-07,8.99132768232406e-07,0.0,1.9073486328125e-06
DBLP,HAN,AttentionFeatures,2171.0,2.5331974029541016e-05,3.5824821234259925e-05,0.0,7.599592208862305e-05
DBLP,HAN,AttentionFeatures,1229.0,0.0,0.0,0.0,0.0
DBLP,HAN,AttentionFeatures,3237.0,0.0,0.0,0.0,0.0
DBLP,HAN,AttentionFeatures,3342.0,0.0,0.0,0.0,0.0
DBLP,HAN,AttentionFeatures,323.0,0.0,0.0,0.0,0.0
DBLP,HAN,AttentionFeatures,1750.0,-7.887681325276693e-06,1.183562086969866e-05,-2.4616718292236328e-05,9.5367431640625e-07
DBLP,HAN,AttentionFeatures,2483.0,0.0,0.0,0.0,0.0
DBLP,HAN,AttentionFeatures,908.0,-6.337960561116536e-06,8.963229783316798e-06,-1.901388168334961e-05,0.0
DBLP,HAN,AttentionFeatures,4043.0,0.0,0.0,0.0,0.0
DBLP,HAN,AttentionFeatures,2019.0,0.0,0.0,0.0,0.0
DBLP,HAN,AttentionFeatures,3020.0,-8.042653401692708e-05,0.00011374029518139938,-0.00024127960205078125,0.0
DBLP,HAN,AttentionFeatures,3124.0,-1.6729036966959637e-05,2.365843096411518e-05,-5.0187110900878906e-05,0.0
DBLP,HAN,AttentionFeatures,202.0,0.0,0.0,0.0,0.0
DBLP,HAN,AttentionFeatures,1696.0,-1.4642874399820963e-05,2.0708151568352604e-05,-4.392862319946289e-05,0.0
DBLP,HAN,AttentionFeatures,3928.0,0.0,0.0,0.0,0.0
