Dataset,Modelo,Explicador,Node,Mean Fidelity,Std Fidelity,Min Fidelity,Max Fidelity
Cora,GCN,GNNExplainer,2362.0,0.3437956174214681,0.1613247795172983,0.11795622110366821,0.4847501516342163
Cora,GCN,GNNExplainer,1822.0,0.008681794007619223,0.004248289761291789,0.003131389617919922,0.013448655605316162
Cora,GCN,GNNExplainer,1733.0,0.07427290081977844,0.001196990716895575,0.07260355353355408,0.07535076141357422
Cora,GCN,GNNExplainer,2467.0,0.30865204334259033,0.040530602765686034,0.2516319751739502,0.3422245383262634
Cora,GCN,GNNExplainer,1989.0,-0.15083848436673483,0.019546294006011183,-0.17473655939102173,-0.12685832381248474
Cora,GCN,GNNExplainer,1958.0,0.00018984079360961914,1.4014402808084087e-05,0.00017899274826049805,0.00020962953567504883
Cora,GCN,GNNExplainer,1936.0,0.19565478960673013,0.009306752208335321,0.185433030128479,0.20794621109962463
Cora,GCN,GNNExplainer,1850.0,0.02340213457743327,0.0018912173415312763,0.021453917026519775,0.025963187217712402
Cora,GCN,GNNExplainer,2462.0,0.17948310325543085,0.07332102109766378,0.09623203426599503,0.2746427655220032
Cora,GCN,GNNExplainer,1812.0,0.011459688345591227,0.0006675211468632582,0.010520398616790771,0.012011051177978516
Cora,GCN,GNNExplainer,2400.0,0.02572550376256307,0.006540416711983823,0.018950939178466797,0.034566640853881836
Cora,GCN,GNNExplainer,2466.0,0.03699517250061035,0.019433769051352152,0.02282184362411499,0.06447410583496094
Cora,GCN,GNNExplainer,2621.0,0.03508450587590536,0.02332311947728944,0.00881868600845337,0.06549549102783203
Cora,GCN,GNNExplainer,2266.0,0.3362949291865031,0.11033557035315443,0.25694912672042847,0.49232542514801025
Cora,GCN,GNNExplainer,1797.0,0.38554640611012775,0.006853076514030872,0.3800147473812103,0.3952040821313858
Cora,GCN,GNNExplainer,2312.0,0.038883725802103676,0.008178661676343358,0.028036177158355713,0.04778367280960083
Cora,GCN,GNNExplainer,2140.0,0.0011761983235677083,2.729130575611076e-05,0.0011544227600097656,0.0012146830558776855
Cora,GCN,GNNExplainer,1740.0,-0.002859493096669515,0.0015696950066342794,-0.0046645402908325195,-0.0008379220962524414
Cora,GCN,GNNExplainer,1738.0,0.002678374449412028,0.0012421001940895694,0.0016921758651733398,0.00443035364151001
Cora,GCN,GNNExplainer,1803.0,0.01929539442062378,0.015209816222728217,0.0025565624237060547,0.0393638014793396
Cora,GAT,GNNExplainer,2362.0,0.019385258356730144,0.00426418350490341,0.015474796295166016,0.025316178798675537
Cora,GAT,GNNExplainer,1822.0,0.005258520444234212,0.005705827222156258,0.0002505779266357422,0.013242006301879883
Cora,GAT,GNNExplainer,1733.0,0.07502704858779907,0.0748503119337871,-0.03003305196762085,0.13876581192016602
Cora,GAT,GNNExplainer,2467.0,0.046222428480784096,0.04144471831337335,0.016486167907714844,0.1048319935798645
Cora,GAT,GNNExplainer,1989.0,-0.06632053852081299,0.02396516188410779,-0.08436334133148193,-0.03245288133621216
Cora,GAT,GNNExplainer,1958.0,0.00023100773493448892,0.000171638418891341,4.4345855712890625e-05,0.00045871734619140625
Cora,GAT,GNNExplainer,1936.0,0.06720709800720215,0.046301971848990695,0.015802502632141113,0.12803751230239868
Cora,GAT,GNNExplainer,1850.0,0.01146791378657023,0.005683731960804268,0.006533622741699219,0.019430220127105713
Cora,GAT,GNNExplainer,2462.0,0.2612290382385254,0.035206738777530035,0.23517289012670517,0.3110005408525467
Cora,GAT,GNNExplainer,1812.0,-0.003940502802530925,0.0026349975495367647,-0.006065189838409424,-0.0002269148826599121
Cora,GAT,GNNExplainer,2400.0,0.00036333004633585614,0.0002934285804118297,0.00011914968490600586,0.0007759928703308105
Cora,GAT,GNNExplainer,2466.0,0.01795661449432373,0.004938131873363004,0.012060880661010742,0.024146080017089844
Cora,GAT,GNNExplainer,2621.0,5.364418029785156e-06,3.149472430616118e-06,2.6226043701171875e-06,9.775161743164062e-06
Cora,GAT,GNNExplainer,2266.0,0.4058796962102254,0.07511103802094733,0.3328258991241455,0.5091887712478638
Cora,GAT,GNNExplainer,1797.0,0.23365400234858194,0.10544455972273331,0.08825860917568207,0.3350391089916229
Cora,GAT,GNNExplainer,2312.0,0.0034137566884358725,0.0013338513910396404,0.0018729567527770996,0.005126595497131348
Cora,GAT,GNNExplainer,2140.0,0.00031061967213948566,0.0003515664771201349,4.756450653076172e-05,0.0008075237274169922
Cora,GAT,GNNExplainer,1740.0,-0.0060233672459920245,0.013660087216403428,-0.024394631385803223,0.008336186408996582
Cora,GAT,GNNExplainer,1738.0,0.0028124252955118814,0.0007898260116255466,0.0017032623291015625,0.003481268882751465
Cora,GAT,GNNExplainer,1803.0,0.0124664306640625,0.010133539919679127,0.003037393093109131,0.026527225971221924
Cora,GraphSAGE,GNNExplainer,2362.0,0.05979794263839722,0.03163056573158017,0.02985149621963501,0.10354870557785034
Cora,GraphSAGE,GNNExplainer,1822.0,0.006348590056101481,0.004105330904039996,0.0009149909019470215,0.01083672046661377
Cora,GraphSAGE,GNNExplainer,1733.0,-0.08281989892323811,0.05288298029012196,-0.15097123384475708,-0.022071003913879395
Cora,GraphSAGE,GNNExplainer,2467.0,0.4899666706720988,0.10783283585510904,0.3973241150379181,0.6411921828985214
Cora,GraphSAGE,GNNExplainer,1989.0,-0.1407080888748169,0.06829709091077744,-0.20451754331588745,-0.04601001739501953
Cora,GraphSAGE,GNNExplainer,1958.0,0.016082008679707844,0.011057690316190092,0.00310438871383667,0.03012692928314209
Cora,GraphSAGE,GNNExplainer,1936.0,0.3863569001356761,0.14120854405717123,0.18679583072662354,0.4925650358200073
Cora,GraphSAGE,GNNExplainer,1850.0,0.412964495519797,0.02290929732447483,0.38454941660165787,0.4406513273715973
Cora,GraphSAGE,GNNExplainer,2462.0,0.11064748962720235,0.0755063704530796,0.05390629172325134,0.21735802292823792
Cora,GraphSAGE,GNNExplainer,1812.0,0.05213473240534464,0.012283056763264034,0.03911799192428589,0.06860470771789551
Cora,GraphSAGE,GNNExplainer,2400.0,0.0017287532488505046,0.0008214137445801204,0.0005680322647094727,0.0023494362831115723
Cora,GraphSAGE,GNNExplainer,2466.0,0.21832895278930664,0.08391610690826895,0.09969806671142578,0.2804558277130127
Cora,GraphSAGE,GNNExplainer,2621.0,0.004208683967590332,0.0017700172812214014,0.0019534826278686523,0.006277024745941162
Cora,GraphSAGE,GNNExplainer,2266.0,0.5660850505034128,0.06079662615801643,0.48013633489608765,0.6110489666461945
Cora,GraphSAGE,GNNExplainer,1797.0,0.6627736116449038,0.0036337639680865683,0.6583038568496704,0.6672044694423676
Cora,GraphSAGE,GNNExplainer,2312.0,0.1448885202407837,0.05103618938771019,0.08124196529388428,0.20618849992752075
Cora,GraphSAGE,GNNExplainer,2140.0,0.01639479398727417,0.009956029694795497,0.0023177266120910645,0.023680150508880615
Cora,GraphSAGE,GNNExplainer,1740.0,-0.13131693998972574,0.029783353227656302,-0.15826070308685303,-0.08980762958526611
Cora,GraphSAGE,GNNExplainer,1738.0,0.01232053836186727,0.007797164632567818,0.001593470573425293,0.01989567279815674
Cora,GraphSAGE,GNNExplainer,1803.0,0.13624717791875204,0.10185764820279192,0.06232035160064697,0.280278742313385
CiteSeer,GCN,GNNExplainer,2972.0,0.41889650623003644,0.16488006350023984,0.2175493836402893,0.621416300535202
CiteSeer,GCN,GNNExplainer,2427.0,0.20677984754244486,0.04528005958748853,0.1614934802055359,0.268631249666214
CiteSeer,GCN,GNNExplainer,2337.0,0.4199250712990761,0.024499917206521716,0.398324366658926,0.4541865848004818
CiteSeer,GCN,GNNExplainer,3079.0,0.02543729543685913,0.009248010104835874,0.015070617198944092,0.03752624988555908
CiteSeer,GCN,GNNExplainer,2596.0,0.003481606642405192,0.0010273133465921237,0.0022071003913879395,0.0047228336334228516
CiteSeer,GCN,GNNExplainer,2565.0,0.08322832981745402,0.049618118718958305,0.01448523998260498,0.12979525327682495
CiteSeer,GCN,GNNExplainer,2542.0,0.5404090086619059,0.16061225666579582,0.31343549489974976,0.6614266037940979
CiteSeer,GCN,GNNExplainer,2455.0,0.04355476299921671,0.00718375504137071,0.035314977169036865,0.05282139778137207
CiteSeer,GCN,GNNExplainer,3074.0,0.4531948318084081,0.01842437912895459,0.43151217699050903,0.47654949128627777
CiteSeer,GCN,GNNExplainer,2417.0,0.05314489205678304,0.01463721999966154,0.03278762102127075,0.06657290458679199
CiteSeer,GCN,GNNExplainer,3010.0,0.0699005921681722,0.011553401759596318,0.05616939067840576,0.0844351053237915
CiteSeer,GCN,GNNExplainer,3078.0,0.048796236515045166,0.04931095386473627,0.010227859020233154,0.1183965802192688
CiteSeer,GCN,GNNExplainer,3235.0,0.2966919243335724,0.014339213698278265,0.27642500400543213,0.3074241578578949
CiteSeer,GCN,GNNExplainer,2875.0,0.042129576206207275,0.011440977558926337,0.02721303701400757,0.055016160011291504
CiteSeer,GCN,GNNExplainer,2401.0,0.4600856800874074,0.05501422922861771,0.38841113448143005,0.5221320688724518
CiteSeer,GCN,GNNExplainer,2921.0,0.049906909465789795,0.055867329377382126,0.006963670253753662,0.12881237268447876
CiteSeer,GCN,GNNExplainer,2748.0,0.22540547450383505,0.035616805721321705,0.17538321018218994,0.25553178787231445
CiteSeer,GCN,GNNExplainer,2344.0,0.31738189856211346,0.03157017207910953,0.272735059261322,0.3397972583770752
CiteSeer,GCN,GNNExplainer,2342.0,0.010256052017211914,0.005016802049181805,0.0056871771812438965,0.017241179943084717
CiteSeer,GCN,GNNExplainer,2408.0,0.16850334405899048,0.04970660090688204,0.11119204759597778,0.23241066932678223
CiteSeer,GAT,GNNExplainer,2972.0,0.13106143474578857,0.02165109609246044,0.11484408378601074,0.16166239976882935
CiteSeer,GAT,GNNExplainer,2427.0,0.0798460841178894,0.048367746789484196,0.013158738613128662,0.12637144327163696
CiteSeer,GAT,GNNExplainer,2337.0,0.37981609255075455,0.08784318099077709,0.2679298520088196,0.48251109570264816
CiteSeer,GAT,GNNExplainer,3079.0,0.03457081317901611,0.0177422656098911,0.018399417400360107,0.059271156787872314
CiteSeer,GAT,GNNExplainer,2596.0,0.0010686516761779785,0.000655741887597222,0.0002575516700744629,0.0018635392189025879
CiteSeer,GAT,GNNExplainer,2565.0,0.012192984422047934,0.007234440137387279,0.004188716411590576,0.021713674068450928
CiteSeer,GAT,GNNExplainer,2542.0,0.038590033849080406,0.02776737157522661,0.006469607353210449,0.07421422004699707
CiteSeer,GAT,GNNExplainer,2455.0,0.003038644790649414,0.001077802516005618,0.0016643404960632324,0.004296720027923584
CiteSeer,GAT,GNNExplainer,3074.0,0.03405708074569702,0.026275982771894243,0.005635857582092285,0.06899970769882202
CiteSeer,GAT,GNNExplainer,2417.0,0.000387112299601237,0.0001975957433702146,0.00011080503463745117,0.0005614161491394043
CiteSeer,GAT,GNNExplainer,3010.0,0.015822966893513996,0.020106632502889417,0.0005235671997070312,0.044229865074157715
CiteSeer,GAT,GNNExplainer,3078.0,0.027835845947265625,0.012878962922997027,0.013959407806396484,0.04499095678329468
CiteSeer,GAT,GNNExplainer,3235.0,0.28161650399367016,0.028404986862591484,0.25201883912086487,0.3199365735054016
CiteSeer,GAT,GNNExplainer,2875.0,0.0030872225761413574,0.001462548426748496,0.0013826489448547363,0.004954099655151367
CiteSeer,GAT,GNNExplainer,2401.0,0.3590823883811633,0.04586000260999866,0.29718445986509323,0.40680021047592163
CiteSeer,GAT,GNNExplainer,2921.0,0.0034685730934143066,0.0022463243784447153,0.0003496408462524414,0.005550682544708252
CiteSeer,GAT,GNNExplainer,2748.0,0.21928012371063232,0.20793897844038248,0.007897913455963135,0.5020195245742798
CiteSeer,GAT,GNNExplainer,2344.0,0.1146902044614156,0.13100676843876674,0.0038602352142333984,0.29868084192276
CiteSeer,GAT,GNNExplainer,2342.0,0.003713071346282959,0.0030347470340870066,0.0006659626960754395,0.007854044437408447
CiteSeer,GAT,GNNExplainer,2408.0,0.3811979393164317,0.17279006093804639,0.1371639370918274,0.5141767859458923
CiteSeer,GraphSAGE,GNNExplainer,2972.0,0.3133184512456258,0.04507077067831889,0.27543652057647705,0.37665289640426636
CiteSeer,GraphSAGE,GNNExplainer,2427.0,0.3064156969388326,0.01973674499716607,0.2887694239616394,0.33396756649017334
CiteSeer,GraphSAGE,GNNExplainer,2337.0,0.3216637223958969,0.14835153531733372,0.1365933120250702,0.499779149889946
CiteSeer,GraphSAGE,GNNExplainer,3079.0,0.051300247510274254,0.02137222487027056,0.03292757272720337,0.08127099275588989
CiteSeer,GraphSAGE,GNNExplainer,2596.0,0.1270970106124878,0.014127663294912015,0.10894173383712769,0.14339792728424072
CiteSeer,GraphSAGE,GNNExplainer,2565.0,0.317985733350118,0.08723525464668146,0.1946960687637329,0.3834683299064636
CiteSeer,GraphSAGE,GNNExplainer,2542.0,0.07541823387145996,0.03002651758805458,0.037552595138549805,0.110995352268219
CiteSeer,GraphSAGE,GNNExplainer,2455.0,0.0807912548383077,0.015380424693936185,0.05919933319091797,0.09386271238327026
CiteSeer,GraphSAGE,GNNExplainer,3074.0,0.023687223593393963,0.007771920313711905,0.016643404960632324,0.03451615571975708
CiteSeer,GraphSAGE,GNNExplainer,2417.0,0.06640452146530151,0.0016595197201041399,0.0646175742149353,0.0686156153678894
CiteSeer,GraphSAGE,GNNExplainer,3010.0,0.028140942255655926,0.015997571988385827,0.012372374534606934,0.05007505416870117
CiteSeer,GraphSAGE,GNNExplainer,3078.0,0.02072294553120931,0.0037765564617475936,0.016132473945617676,0.02538233995437622
CiteSeer,GraphSAGE,GNNExplainer,3235.0,0.22325816253821054,0.07074036151106719,0.1683502495288849,0.32313545048236847
CiteSeer,GraphSAGE,GNNExplainer,2875.0,0.0381577213605245,0.008843562870084724,0.03086334466934204,0.05060303211212158
CiteSeer,GraphSAGE,GNNExplainer,2401.0,0.29080216338237125,0.033748508156975,0.26688458770513535,0.33852972090244293
CiteSeer,GraphSAGE,GNNExplainer,2921.0,0.04099975029627482,0.03407046579790868,0.0076444149017333984,0.08778989315032959
CiteSeer,GraphSAGE,GNNExplainer,2748.0,0.12371259927749634,0.007720384791794925,0.11465346813201904,0.1335200071334839
CiteSeer,GraphSAGE,GNNExplainer,2344.0,0.2911596894264221,0.05564217002288256,0.24756109714508057,0.3696903586387634
CiteSeer,GraphSAGE,GNNExplainer,2342.0,0.024724523226420086,0.014401995762941676,0.014440178871154785,0.04509168863296509
CiteSeer,GraphSAGE,GNNExplainer,2408.0,0.5848348091046015,0.002021003590831558,0.5823801606893539,0.587330088019371
PubMed,GCN,GNNExplainer,19371.0,0.08513426780700684,0.043689155567563795,0.02526545524597168,0.1282939314842224
PubMed,GCN,GNNExplainer,18831.0,0.0038979450861612954,0.0016892764711726688,0.0019360780715942383,0.006059467792510986
PubMed,GCN,GNNExplainer,18742.0,0.0001262029012044271,2.3719619938896687e-05,0.00010883808135986328,0.00015974044799804688
PubMed,GCN,GNNExplainer,19476.0,0.12370684742927551,0.012257437577666962,0.10687094926834106,0.13569992780685425
PubMed,GCN,GNNExplainer,18998.0,0.024446070194244385,0.004307109699429083,0.018358230590820312,0.027664482593536377
PubMed,GCN,GNNExplainer,18967.0,0.016543328762054443,0.009202196133578793,0.009088635444641113,0.02950870990753174
PubMed,GCN,GNNExplainer,18945.0,0.057039459546407066,0.004517416762823479,0.05150479078292847,0.06257015466690063
PubMed,GCN,GNNExplainer,18859.0,0.013649960358937582,0.007184619734357611,0.006866931915283203,0.023592889308929443
PubMed,GCN,GNNExplainer,19471.0,0.04411717255910238,0.007310681593007552,0.03885829448699951,0.05445551872253418
PubMed,GCN,GNNExplainer,18821.0,0.009444793065388998,0.004405493878521997,0.0035902857780456543,0.014217615127563477
PubMed,GCN,GNNExplainer,19409.0,0.041207691033681236,0.028390782242949608,0.008680343627929688,0.07785600423812866
PubMed,GCN,GNNExplainer,19475.0,0.04573663075764974,0.014862848785776308,0.029248356819152832,0.06527054309844971
PubMed,GCN,GNNExplainer,19630.0,0.13187003135681152,0.05066852015918443,0.06075918674468994,0.17506641149520874
PubMed,GCN,GNNExplainer,19275.0,0.0858806570370992,0.010790475857366904,0.07556331157684326,0.10077667236328125
PubMed,GCN,GNNExplainer,18806.0,0.0005532105763753256,0.00022632774629714107,0.00023955106735229492,0.0007652640342712402
PubMed,GCN,GNNExplainer,19321.0,0.26734159390131634,0.03766267161690858,0.23443174362182617,0.3200652599334717
PubMed,GCN,GNNExplainer,19149.0,0.14176621039708456,0.089221526867489,0.06222790479660034,0.2663643956184387
PubMed,GCN,GNNExplainer,18749.0,3.504753112792969e-05,2.925141084299108e-05,3.337860107421875e-06,7.390975952148438e-05
PubMed,GCN,GNNExplainer,18747.0,0.02145761251449585,0.006224983149918013,0.015900373458862305,0.030149221420288086
PubMed,GCN,GNNExplainer,18812.0,0.0004386107126871745,0.0002041446137754629,0.00015085935592651367,0.0006027817726135254
PubMed,GAT,GNNExplainer,19371.0,0.04216448465983073,0.051844103550782554,0.004092991352081299,0.11546474695205688
PubMed,GAT,GNNExplainer,18831.0,0.0013912121454874675,0.000823342231990609,0.0004550814628601074,0.002458930015563965
PubMed,GAT,GNNExplainer,18742.0,0.005909403165181478,0.0008216531080245058,0.004916250705718994,0.006928384304046631
PubMed,GAT,GNNExplainer,19476.0,0.1163713534673055,0.013143791743444941,0.09865021705627441,0.13009092211723328
PubMed,GAT,GNNExplainer,18998.0,0.022478501001993816,0.00764336536562777,0.016218066215515137,0.03324002027511597
PubMed,GAT,GNNExplainer,18967.0,0.009979228178660074,0.0012460374891372303,0.008243739604949951,0.01111149787902832
PubMed,GAT,GNNExplainer,18945.0,0.044615705808003746,0.02281927993937482,0.025206148624420166,0.0766482949256897
PubMed,GAT,GNNExplainer,18859.0,0.010593493779500326,0.0055304182363207525,0.003009021282196045,0.016039550304412842
PubMed,GAT,GNNExplainer,19471.0,0.03722731272379557,0.008406549098940844,0.030360281467437744,0.049065470695495605
PubMed,GAT,GNNExplainer,18821.0,0.007302204767862956,0.00871152006841911,-0.0012205839157104492,0.0192679762840271
PubMed,GAT,GNNExplainer,19409.0,0.004487335681915283,0.0026647869247763724,0.002309143543243408,0.00823974609375
PubMed,GAT,GNNExplainer,19475.0,0.04095421234766642,0.026428851395123597,0.0056771039962768555,0.06928718090057373
PubMed,GAT,GNNExplainer,19630.0,0.07801906267801921,0.05100024125942513,0.009450852870941162,0.1316767930984497
PubMed,GAT,GNNExplainer,19275.0,0.007171074549357097,0.003170584014622464,0.003143012523651123,0.010890960693359375
PubMed,GAT,GNNExplainer,18806.0,0.0017409324645996094,0.0012221654567933856,0.00017130374908447266,0.0031524300575256348
PubMed,GAT,GNNExplainer,19321.0,0.2242921988169352,0.12780096239706376,0.13277679681777954,0.4050251841545105
PubMed,GAT,GNNExplainer,19149.0,0.1223191221555074,0.09178050604237764,0.05041688680648804,0.25185465812683105
PubMed,GAT,GNNExplainer,18749.0,0.012915412584940592,0.010546723325573996,0.0015214085578918457,0.02694803476333618
PubMed,GAT,GNNExplainer,18747.0,0.007694721221923828,0.0024587059979065207,0.004769802093505859,0.010785520076751709
PubMed,GAT,GNNExplainer,18812.0,0.0010176698366800945,0.00016343477904382284,0.000813901424407959,0.0012140274047851562
PubMed,GraphSAGE,GNNExplainer,19371.0,0.05440262953440348,0.036438752479384856,0.003803074359893799,0.08815449476242065
PubMed,GraphSAGE,GNNExplainer,18831.0,0.04133556286493937,0.026402522852708034,0.020809829235076904,0.07861065864562988
PubMed,GraphSAGE,GNNExplainer,18742.0,0.016357580820719402,0.007286980373010827,0.006054937839508057,0.021713316440582275
PubMed,GraphSAGE,GNNExplainer,19476.0,0.09679809212684631,0.02622776942902639,0.07765591144561768,0.1338832974433899
PubMed,GraphSAGE,GNNExplainer,18998.0,0.006879846254984538,0.0041119991640687,0.0038152337074279785,0.01269221305847168
PubMed,GraphSAGE,GNNExplainer,18967.0,0.09204169114430745,0.0354269473439158,0.04286491870880127,0.1249268651008606
PubMed,GraphSAGE,GNNExplainer,18945.0,0.10887191692988078,0.008715009296201644,0.10031819343566895,0.12083333730697632
PubMed,GraphSAGE,GNNExplainer,18859.0,0.08134451508522034,0.061752942480514265,0.023772239685058594,0.16700080037117004
PubMed,GraphSAGE,GNNExplainer,19471.0,0.06240111589431763,0.02087370070228875,0.034707069396972656,0.08509951829910278
PubMed,GraphSAGE,GNNExplainer,18821.0,0.05331273873647054,0.037915959642655324,0.007546961307525635,0.10039377212524414
PubMed,GraphSAGE,GNNExplainer,19409.0,0.011187195777893066,0.004857067583670995,0.006768584251403809,0.017951011657714844
PubMed,GraphSAGE,GNNExplainer,19475.0,0.07848344246546428,0.028839567897614694,0.04743301868438721,0.11691027879714966
PubMed,GraphSAGE,GNNExplainer,19630.0,0.16401536266009012,0.09077381199813772,0.048016488552093506,0.2696385681629181
PubMed,GraphSAGE,GNNExplainer,19275.0,0.003881732622782389,0.0033938377503303662,0.0006088018417358398,0.008558452129364014
PubMed,GraphSAGE,GNNExplainer,18806.0,0.00826479991277059,0.007120946602757224,0.001036226749420166,0.017951369285583496
PubMed,GraphSAGE,GNNExplainer,19321.0,0.4066334068775177,0.18764268321183553,0.1413004994392395,0.5429742336273193
PubMed,GraphSAGE,GNNExplainer,19149.0,0.13651641209920248,0.15064350628846096,-0.0015565752983093262,0.3460594415664673
PubMed,GraphSAGE,GNNExplainer,18749.0,0.003118455410003662,0.002219466188156938,0.00014579296112060547,0.005477428436279297
PubMed,GraphSAGE,GNNExplainer,18747.0,0.05662045876185099,0.028425116578035942,0.023876488208770752,0.09318786859512329
PubMed,GraphSAGE,GNNExplainer,18812.0,0.01333103577295939,0.009521216553473799,0.0018104910850524902,0.025127708911895752
Cora,GCN,GraphLIME,2362.0,-0.001034855842590332,0.0018125658937583875,-0.0035092830657958984,0.000782012939453125
Cora,GCN,GraphLIME,1822.0,-0.00012632211049397787,0.000117919313466766,-0.00029277801513671875,-3.4332275390625e-05
Cora,GCN,GraphLIME,1733.0,0.0,0.0,0.0,0.0
Cora,GCN,GraphLIME,2467.0,0.12605510155359903,0.025236091836311165,0.09102272987365723,0.14947384595870972
Cora,GCN,GraphLIME,1989.0,0.0,0.0,0.0,0.0
Cora,GCN,GraphLIME,1958.0,0.0,0.0,0.0,0.0
Cora,GCN,GraphLIME,1936.0,-0.0021225611368815103,0.003001754746743888,-0.006367683410644531,0.0
Cora,GCN,GraphLIME,1850.0,0.0,0.0,0.0,0.0
Cora,GCN,GraphLIME,2462.0,-0.020485922694206238,0.01588636536354995,-0.03261205554008484,0.0019564777612686157
Cora,GCN,GraphLIME,1812.0,0.0,0.0,0.0,0.0
Cora,GCN,GraphLIME,2400.0,0.0,0.0,0.0,0.0
Cora,GCN,GraphLIME,2466.0,-0.0004437764485677083,0.0002310027733810751,-0.0007447600364685059,-0.00018328428268432617
Cora,GCN,GraphLIME,2621.0,0.0018852551778157551,0.00030375674108763215,0.0016498565673828125,0.002314150333404541
Cora,GCN,GraphLIME,2266.0,0.006353020668029785,0.007272983918327277,0.0010320544242858887,0.01663649082183838
Cora,GCN,GraphLIME,1797.0,0.03573210040728251,0.056974072723861055,-0.008943676948547363,0.1161399781703949
Cora,GCN,GraphLIME,2312.0,0.0006935199101765951,0.00014360959051983185,0.0005532503128051758,0.0008908510208129883
Cora,GCN,GraphLIME,2140.0,4.780292510986328e-05,3.5003035925887905e-06,4.5180320739746094e-05,5.27501106262207e-05
Cora,GCN,GraphLIME,1740.0,0.0,0.0,0.0,0.0
Cora,GCN,GraphLIME,1738.0,5.225340525309245e-06,7.389747438910087e-06,0.0,1.5676021575927734e-05
Cora,GCN,GraphLIME,1803.0,0.00027700265248616535,0.00021506112627355637,5.728006362915039e-05,0.0005689859390258789
Cora,GAT,GraphLIME,2362.0,-0.00015395879745483398,0.00017165827941528197,-0.00035572052001953125,6.383657455444336e-05
Cora,GAT,GraphLIME,1822.0,-1.2278556823730469e-05,8.790826351445495e-06,-2.09808349609375e-05,-2.384185791015625e-07
Cora,GAT,GraphLIME,1733.0,0.0,0.0,0.0,0.0
Cora,GAT,GraphLIME,2467.0,0.01437769333521525,0.014961927648118642,0.0035653114318847656,0.035535335540771484
Cora,GAT,GraphLIME,1989.0,0.0,0.0,0.0,0.0
Cora,GAT,GraphLIME,1958.0,-2.2987524668375652e-05,2.4358512526683857e-05,-5.739927291870117e-05,-4.410743713378906e-06
Cora,GAT,GraphLIME,1936.0,0.0010224779446919758,0.00144600217661076,0.0,0.0030674338340759277
Cora,GAT,GraphLIME,1850.0,0.0,0.0,0.0,0.0
Cora,GAT,GraphLIME,2462.0,-0.05444816748301188,0.010967644671394345,-0.06517636775970459,-0.039382874965667725
Cora,GAT,GraphLIME,1812.0,0.0,0.0,0.0,0.0
Cora,GAT,GraphLIME,2400.0,0.0,0.0,0.0,0.0
Cora,GAT,GraphLIME,2466.0,-7.869799931844075e-05,5.674813651753937e-05,-0.0001316666603088379,0.0
Cora,GAT,GraphLIME,2621.0,2.781550089518229e-06,1.4349198409134378e-06,1.430511474609375e-06,4.76837158203125e-06
Cora,GAT,GraphLIME,2266.0,0.01679184039433797,0.010524047626649475,0.005774974822998047,0.030966579914093018
Cora,GAT,GraphLIME,1797.0,0.002033968766530355,0.018981142548339918,-0.019893229007720947,0.02640742063522339
Cora,GAT,GraphLIME,2312.0,7.178386052449544e-05,0.00012495553643315877,-8.624792098999023e-05,0.0002192854881286621
Cora,GAT,GraphLIME,2140.0,9.616216023763021e-06,1.0331318927514774e-05,1.5497207641601562e-06,2.4199485778808594e-05
Cora,GAT,GraphLIME,1740.0,0.0,0.0,0.0,0.0
Cora,GAT,GraphLIME,1738.0,0.0,0.0,0.0,0.0
Cora,GAT,GraphLIME,1803.0,8.22146733601888e-05,0.00011626910609205301,0.0,0.0002466440200805664
Cora,GraphSAGE,GraphLIME,2362.0,2.384185791015625e-07,7.513705505869601e-05,-0.00010329484939575195,7.271766662597656e-05
Cora,GraphSAGE,GraphLIME,1822.0,0.0,0.0,0.0,0.0
Cora,GraphSAGE,GraphLIME,1733.0,0.0,0.0,0.0,0.0
Cora,GraphSAGE,GraphLIME,2467.0,0.028042713801066082,0.0513661602984939,-0.03831452131271362,0.08681941032409668
Cora,GraphSAGE,GraphLIME,1989.0,0.0,0.0,0.0,0.0
Cora,GraphSAGE,GraphLIME,1958.0,0.0,0.0,0.0,0.0
Cora,GraphSAGE,GraphLIME,1936.0,-0.00048812230428059894,0.0006903091828104297,-0.0014643669128417969,0.0
Cora,GraphSAGE,GraphLIME,1850.0,0.0028254191080729165,0.003995746022024812,0.0,0.00847625732421875
Cora,GraphSAGE,GraphLIME,2462.0,0.030851950248082478,0.03839115367856643,-0.018488138914108276,0.07514309883117676
Cora,GraphSAGE,GraphLIME,1812.0,0.0,0.0,0.0,0.0
Cora,GraphSAGE,GraphLIME,2400.0,0.0,0.0,0.0,0.0
Cora,GraphSAGE,GraphLIME,2466.0,-0.003187557061513265,0.001613733941806426,-0.005235612392425537,-0.0012915730476379395
Cora,GraphSAGE,GraphLIME,2621.0,0.0002708832422892253,0.00018218324105758564,6.496906280517578e-05,0.0005079507827758789
Cora,GraphSAGE,GraphLIME,2266.0,0.005093793074289958,0.005087623696378391,0.00021499395370483398,0.012112915515899658
Cora,GraphSAGE,GraphLIME,1797.0,0.1544033686319987,0.1233462439179521,-0.0191342830657959,0.2565004825592041
Cora,GraphSAGE,GraphLIME,2312.0,0.0010055303573608398,0.0019101693491709278,-0.0015372633934020996,0.003066718578338623
Cora,GraphSAGE,GraphLIME,2140.0,0.00020933151245117188,0.00012193872136289873,3.68952751159668e-05,0.00029724836349487305
Cora,GraphSAGE,GraphLIME,1740.0,0.0,0.0,0.0,0.0
Cora,GraphSAGE,GraphLIME,1738.0,0.0,0.0,0.0,0.0
Cora,GraphSAGE,GraphLIME,1803.0,-0.0021213293075561523,0.003786056544305623,-0.0074394941329956055,0.0010755062103271484
CiteSeer,GCN,GraphLIME,2972.0,0.0,0.0,0.0,0.0
CiteSeer,GCN,GraphLIME,2427.0,-0.0002653797467549642,0.0003753036370400078,-0.0007961392402648926,0.0
CiteSeer,GCN,GraphLIME,2337.0,0.03187726934750875,0.031902660973253213,0.007021844387054443,0.07691365480422974
CiteSeer,GCN,GraphLIME,3079.0,0.001710971196492513,0.00048053796520589433,0.001050114631652832,0.0021786093711853027
CiteSeer,GCN,GraphLIME,2596.0,0.0,0.0,0.0,0.0
CiteSeer,GCN,GraphLIME,2565.0,-0.0040737589200337725,0.0039164709492749816,-0.009496152400970459,-0.0003846287727355957
CiteSeer,GCN,GraphLIME,2542.0,0.020242969195048015,0.027461912793577136,0.00024831295013427734,0.059074223041534424
CiteSeer,GCN,GraphLIME,2455.0,-0.009012321631113688,0.006437229137014857,-0.014632225036621094,0.0
CiteSeer,GCN,GraphLIME,3074.0,0.07144295175870259,0.1180135918190734,-0.0927201509475708,0.17957577109336853
CiteSeer,GCN,GraphLIME,2417.0,0.0021147926648457846,0.0029907684682320477,0.0,0.0063443779945373535
CiteSeer,GCN,GraphLIME,3010.0,0.020804961522420246,0.006046798013529594,0.01598912477493286,0.029332637786865234
CiteSeer,GCN,GraphLIME,3078.0,0.0,0.0,0.0,0.0
CiteSeer,GCN,GraphLIME,3235.0,0.061660716931025185,0.02566682089904734,0.035904258489608765,0.09668916463851929
CiteSeer,GCN,GraphLIME,2875.0,0.0010483860969543457,0.0006669955357974926,0.000500798225402832,0.0019873380661010742
CiteSeer,GCN,GraphLIME,2401.0,-0.0011942187945048015,0.0016888804156295382,-0.0035826563835144043,0.0
CiteSeer,GCN,GraphLIME,2921.0,-0.00121992826461792,0.0017252390969449364,-0.0036597847938537598,0.0
CiteSeer,GCN,GraphLIME,2748.0,0.0013908942540486653,0.0006629218915639854,0.00060272216796875,0.0022246241569519043
CiteSeer,GCN,GraphLIME,2344.0,0.0,0.0,0.0,0.0
CiteSeer,GCN,GraphLIME,2342.0,0.00020339091618855795,0.00014454603870059322,0.0,0.0003228187561035156
CiteSeer,GCN,GraphLIME,2408.0,-0.0016350348790486653,0.0007597239234986633,-0.0026409029960632324,-0.0008050799369812012
CiteSeer,GAT,GraphLIME,2972.0,0.0,0.0,0.0,0.0
CiteSeer,GAT,GraphLIME,2427.0,0.0,0.0,0.0,0.0
CiteSeer,GAT,GraphLIME,2337.0,0.09972838560740153,0.05487711555493707,0.02469092607498169,0.1544017493724823
CiteSeer,GAT,GraphLIME,3079.0,0.005765457948048909,0.003835737202245062,0.0015821456909179688,0.010847806930541992
CiteSeer,GAT,GraphLIME,2596.0,0.0,0.0,0.0,0.0
CiteSeer,GAT,GraphLIME,2565.0,-0.0005165934562683105,0.000298845781210291,-0.0007712244987487793,-9.715557098388672e-05
CiteSeer,GAT,GraphLIME,2542.0,-0.00042108694712320965,0.0008015854139398323,-0.0015517473220825195,0.00021505355834960938
CiteSeer,GAT,GraphLIME,2455.0,0.00011483828226725261,0.00016240585626197833,0.0,0.0003445148468017578
CiteSeer,GAT,GraphLIME,3074.0,0.0017152825991312663,0.0008649910088623252,0.0010935664176940918,0.002938508987426758
CiteSeer,GAT,GraphLIME,2417.0,2.092123031616211e-05,2.2505680443723884e-05,0.0,5.21540641784668e-05
CiteSeer,GAT,GraphLIME,3010.0,0.00783383846282959,0.010666551958552466,9.572505950927734e-05,0.02291691303253174
CiteSeer,GAT,GraphLIME,3078.0,0.0,0.0,0.0,0.0
CiteSeer,GAT,GraphLIME,3235.0,-0.01894653836886088,0.08216835721244287,-0.11526927351951599,0.08550786972045898
CiteSeer,GAT,GraphLIME,2875.0,6.697575251261394e-05,3.575160372688876e-05,1.722574234008789e-05,9.965896606445312e-05
CiteSeer,GAT,GraphLIME,2401.0,-0.027720560630162556,0.012477349938580483,-0.03735283017158508,-0.010100483894348145
CiteSeer,GAT,GraphLIME,2921.0,-6.35385513305664e-05,0.00010066502798195018,-0.00020563602447509766,1.5020370483398438e-05
CiteSeer,GAT,GraphLIME,2748.0,-0.004892408847808838,0.0049377604452570225,-0.011744678020477295,-0.000301361083984375
CiteSeer,GAT,GraphLIME,2344.0,0.0,0.0,0.0,0.0
CiteSeer,GAT,GraphLIME,2342.0,-9.959936141967773e-05,0.0002746167949541362,-0.0004799365997314453,0.00015860795974731445
CiteSeer,GAT,GraphLIME,2408.0,-0.04832341273625692,0.02742158230048408,-0.07382673025131226,-0.010271549224853516
CiteSeer,GraphSAGE,GraphLIME,2972.0,0.0,0.0,0.0,0.0
CiteSeer,GraphSAGE,GraphLIME,2427.0,0.0,0.0,0.0,0.0
CiteSeer,GraphSAGE,GraphLIME,2337.0,0.02401273449261983,0.016388623161373593,0.006879448890686035,0.04609671235084534
CiteSeer,GraphSAGE,GraphLIME,3079.0,0.0017598867416381836,0.00041679714683160807,0.0013828873634338379,0.0023407936096191406
CiteSeer,GraphSAGE,GraphLIME,2596.0,-0.0004442731539408366,0.0006282971197014009,-0.0013328194618225098,0.0
CiteSeer,GraphSAGE,GraphLIME,2565.0,-0.006116151809692383,0.0037189710884209947,-0.011306047439575195,-0.002783060073852539
CiteSeer,GraphSAGE,GraphLIME,2542.0,0.0008074243863423666,0.0011495503396352037,-0.00012302398681640625,0.0024271607398986816
CiteSeer,GraphSAGE,GraphLIME,2455.0,-0.00017700592676798502,0.0002503241822557033,-0.0005310177803039551,0.0
CiteSeer,GraphSAGE,GraphLIME,3074.0,-0.0004687309265136719,0.0018136902668218161,-0.0021514892578125,0.002049088478088379
CiteSeer,GraphSAGE,GraphLIME,2417.0,0.0015879472096761067,0.0022456964802564632,0.0,0.00476384162902832
CiteSeer,GraphSAGE,GraphLIME,3010.0,0.009477535883585611,0.0043302026019695974,0.0034276247024536133,0.01332402229309082
CiteSeer,GraphSAGE,GraphLIME,3078.0,0.0,0.0,0.0,0.0
CiteSeer,GraphSAGE,GraphLIME,3235.0,0.009867688020070394,0.11676256091524681,-0.07513493299484253,0.1749706268310547
CiteSeer,GraphSAGE,GraphLIME,2875.0,3.532568613688151e-05,0.00011720989652884336,-0.00011271238327026367,0.00017392635345458984
CiteSeer,GraphSAGE,GraphLIME,2401.0,-0.03350199262301127,0.023696609764254195,-0.050964564085006714,0.0
CiteSeer,GraphSAGE,GraphLIME,2921.0,0.0,0.0,0.0,0.0
CiteSeer,GraphSAGE,GraphLIME,2748.0,-0.0004017949104309082,0.001436251321480334,-0.00228118896484375,0.0012050867080688477
CiteSeer,GraphSAGE,GraphLIME,2344.0,0.0,0.0,0.0,0.0
CiteSeer,GraphSAGE,GraphLIME,2342.0,0.0006949901580810547,0.0009610446993811476,-0.0006136894226074219,0.001667022705078125
CiteSeer,GraphSAGE,GraphLIME,2408.0,-0.022443195184071858,0.0028268296525354323,-0.02566736936569214,-0.018784165382385254
PubMed,GCN,GraphLIME,19371.0,0.14192954699198404,0.009002196989463671,0.13103264570236206,0.153079092502594
PubMed,GCN,GraphLIME,18831.0,0.0,0.0,0.0,0.0
PubMed,GCN,GraphLIME,18742.0,0.0,0.0,0.0,0.0
PubMed,GCN,GraphLIME,19476.0,-0.033092627922693886,0.05827595218952162,-0.0970163345336914,0.04391863942146301
PubMed,GCN,GraphLIME,18998.0,-0.0005676746368408203,0.0030620768687931064,-0.004868626594543457,0.002019643783569336
PubMed,GCN,GraphLIME,18967.0,0.0,0.0,0.0,0.0
PubMed,GCN,GraphLIME,18945.0,0.0,0.0,0.0,0.0
PubMed,GCN,GraphLIME,18859.0,0.00019425153732299805,0.0002747131585940073,0.0,0.0005827546119689941
PubMed,GCN,GraphLIME,19471.0,-0.0012323260307312012,0.0020326813952204325,-0.0040604472160339355,0.0006278157234191895
PubMed,GCN,GraphLIME,18821.0,0.010063151518503824,0.003322491097670681,0.006138026714324951,0.014262557029724121
PubMed,GCN,GraphLIME,19409.0,0.0015965501467386882,0.002362559656758821,-0.00012296438217163086,0.004937231540679932
PubMed,GCN,GraphLIME,19475.0,0.013070603211720785,0.0018334676369785798,0.011390447616577148,0.015621006488800049
PubMed,GCN,GraphLIME,19630.0,0.0031794110933939614,0.002265970508867191,0.0,0.005116164684295654
PubMed,GCN,GraphLIME,19275.0,0.002992828687032064,0.0009359729817018913,0.0019675493240356445,0.004230499267578125
PubMed,GCN,GraphLIME,18806.0,4.8001607259114586e-05,2.1219997654891602e-05,1.9073486328125e-05,6.937980651855469e-05
PubMed,GCN,GraphLIME,19321.0,0.027638375759124756,0.02989498165569991,0.0024510622024536133,0.06963890790939331
PubMed,GCN,GraphLIME,19149.0,0.0023660659790039062,0.002457440541093049,0.00035762786865234375,0.00582653284072876
PubMed,GCN,GraphLIME,18749.0,3.9736429850260414e-08,1.4868010627325142e-07,-1.1920928955078125e-07,2.384185791015625e-07
PubMed,GCN,GraphLIME,18747.0,-0.0007382035255432129,0.0007451998305542648,-0.0014216303825378418,0.0002982616424560547
PubMed,GCN,GraphLIME,18812.0,0.0,0.0,0.0,0.0
PubMed,GAT,GraphLIME,19371.0,0.00018056233723958334,0.0007178948334454642,-0.0005943775177001953,0.0011360645294189453
PubMed,GAT,GraphLIME,18831.0,0.0,0.0,0.0,0.0
PubMed,GAT,GraphLIME,18742.0,0.0,0.0,0.0,0.0
PubMed,GAT,GraphLIME,19476.0,0.009240279595057169,0.02101421229385103,-0.012564897537231445,0.037629902362823486
PubMed,GAT,GraphLIME,18998.0,0.00013899803161621094,0.000684326075838901,-0.0008285641670227051,0.0006406903266906738
PubMed,GAT,GraphLIME,18967.0,0.0,0.0,0.0,0.0
PubMed,GAT,GraphLIME,18945.0,0.0015811721483866374,0.002236115096694986,0.0,0.004743516445159912
PubMed,GAT,GraphLIME,18859.0,0.0,0.0,0.0,0.0
PubMed,GAT,GraphLIME,19471.0,-0.0017433961232503254,0.0019351989113387026,-0.0037943124771118164,0.0008513927459716797
PubMed,GAT,GraphLIME,18821.0,0.007307092348734538,0.00196120052600772,0.004586756229400635,0.009135544300079346
PubMed,GAT,GraphLIME,19409.0,1.3907750447591145e-06,3.499062850117893e-06,-2.0265579223632812e-06,6.198883056640625e-06
PubMed,GAT,GraphLIME,19475.0,0.0014927585919698079,0.005016774184148626,-0.004458189010620117,0.007813632488250732
PubMed,GAT,GraphLIME,19630.0,0.0007585287094116211,0.0004954721870134055,0.00023633241653442383,0.001424252986907959
PubMed,GAT,GraphLIME,19275.0,-0.00025022029876708984,0.00040423597930465275,-0.0007930994033813477,0.00017637014389038086
PubMed,GAT,GraphLIME,18806.0,0.0006570617357889811,0.0009292256180691844,0.0,0.0019711852073669434
PubMed,GAT,GraphLIME,19321.0,0.0014009277025858562,0.0019812109569010993,0.0,0.004202783107757568
PubMed,GAT,GraphLIME,19149.0,-0.00037384033203125,0.0005286900677206548,-0.00112152099609375,0.0
PubMed,GAT,GraphLIME,18749.0,1.1185805002848307e-05,1.5819117141088895e-05,0.0,3.355741500854492e-05
PubMed,GAT,GraphLIME,18747.0,0.003027796745300293,0.0043094147323406535,-0.0005382299423217773,0.009090900421142578
PubMed,GAT,GraphLIME,18812.0,0.0,0.0,0.0,0.0
PubMed,GraphSAGE,GraphLIME,19371.0,-0.00030805667241414386,0.0002289516968895949,-0.0005484223365783691,0.0
PubMed,GraphSAGE,GraphLIME,18831.0,0.0,0.0,0.0,0.0
PubMed,GraphSAGE,GraphLIME,18742.0,0.0,0.0,0.0,0.0
PubMed,GraphSAGE,GraphLIME,19476.0,-0.05757131179173788,0.02322288723522566,-0.0864141583442688,-0.02954763174057007
PubMed,GraphSAGE,GraphLIME,18998.0,0.000853280226389567,0.0013819431658706823,-0.00024276971817016602,0.002802610397338867
PubMed,GraphSAGE,GraphLIME,18967.0,0.0,0.0,0.0,0.0
PubMed,GraphSAGE,GraphLIME,18945.0,0.0,0.0,0.0,0.0
PubMed,GraphSAGE,GraphLIME,18859.0,0.0,0.0,0.0,0.0
PubMed,GraphSAGE,GraphLIME,19471.0,0.0036072731018066406,0.005595357016599529,-0.0006884932518005371,0.011510312557220459
PubMed,GraphSAGE,GraphLIME,18821.0,0.03727900981903076,0.014832807015766766,0.022505581378936768,0.05756253004074097
PubMed,GraphSAGE,GraphLIME,19409.0,-2.370278040568034e-05,7.460813383023506e-05,-0.00011050701141357422,7.164478302001953e-05
PubMed,GraphSAGE,GraphLIME,19475.0,0.011491974194844564,0.013677592196451479,-0.0012407898902893066,0.030468761920928955
PubMed,GraphSAGE,GraphLIME,19630.0,0.00018338362375895181,0.001943292572989413,-0.002386152744293213,0.0023123621940612793
PubMed,GraphSAGE,GraphLIME,19275.0,0.0022606253623962402,0.0031303504330735276,-0.0002605915069580078,0.00667262077331543
PubMed,GraphSAGE,GraphLIME,18806.0,0.0016360878944396973,0.0022449698678039783,0.0,0.004810452461242676
PubMed,GraphSAGE,GraphLIME,19321.0,0.004236181577046712,0.005990865438934507,0.0,0.012708544731140137
PubMed,GraphSAGE,GraphLIME,19149.0,-0.014373838901519775,0.012540464825291434,-0.03055739402770996,0.0
PubMed,GraphSAGE,GraphLIME,18749.0,3.5762786865234375e-07,5.057621821307283e-07,0.0,1.0728836059570312e-06
PubMed,GraphSAGE,GraphLIME,18747.0,-0.007474104563395183,0.00531869481998983,-0.011943340301513672,0.0
PubMed,GraphSAGE,GraphLIME,18812.0,0.0,0.0,0.0,0.0
